{"cameraMode":{"drawMode":0,"name":"Shaded","section":"Shading Mode"},"sceneLighting":false,"audioPlay":false,"sceneViewState":{"m_AlwaysRefresh":false,"showFog":true,"showSkybox":false,"showFlares":true,"showImageEffects":true,"showParticleSystems":true,"showVisualEffectGraphs":true,"m_FxEnabled":true},"in2DMode":false,"pivot":{"x":572.2984008789063,"y":252.02157592773438,"z":-5.592282772064209},"rotation":{"x":0.012303673662245274,"y":-0.02999858371913433,"z":0.00036931855720467865,"w":0.9994778633117676},"size":70.71067810058594,"orthographic":false}